track_id,artist,genre,chorus_ratio,syllable_density,sentiment_score,flesch_kincaid_readability,lsa_component_1,lsa_component_2,lsa_component_3
Pop_001,PopArtist_1,Pop,0.47483570765056166,6.861735698828816,0.7295377076201385,87.61514928204012,-0.11707668736166799,-0.11706847847459027,0.7896064077536957
Pop_002,PopArtist_1,Pop,0.4883717364576454,6.530525614065048,0.7085120087171929,77.68291153593769,-0.23286487678512843,0.12098113578301706,-0.956640122328899
Pop_003,PopArtist_1,Pop,0.36375410837434835,6.437712470759028,0.39743377593311524,81.57123666297637,-0.45401203776060545,-0.7061518506676457,0.732824384460777
Pop_004,PopArtist_1,Pop,0.43871118497567324,7.067528204687924,0.31505036275730863,77.27808637737408,0.05546129485493304,-0.5754967887111514,0.18784900917283598
Pop_005,PopArtist_1,Pop,0.41996806550405974,6.708306250206723,0.4796586775541206,89.26139092254469,-0.0067486123689669605,-0.5288554644779502,0.4112724560515945
Pop_006,PopArtist_1,Pop,0.38895781750144887,7.208863595004756,0.20806597522404485,73.35906975550785,0.09843061793456176,0.3692332899977052,0.08568414059498525
Pop_007,PopArtist_1,Pop,0.44421758588058796,6.698896304410711,0.3042956019265145,76.40077895802645,-0.23031938547989375,0.5285611131094579,0.1718091447842307
Pop_008,PopArtist_1,Pop,0.3618479922318633,7.3240839693947954,0.5229835439167366,76.6153899984702,0.30583814442043394,0.5154997612479755,0.4656400595580993
Pop_009,PopArtist_1,Pop,0.4080391238388681,6.690787624148785,0.6662526862807128,84.8777256356118,-0.23958711892264498,-0.09282948833190856,-0.5531674870030141
Pop_010,PopArtist_1,Pop,0.39018966879596645,7.812525822394198,0.8712480057141645,79.63994939209833,0.5017664489460121,0.18081801252381707,-0.32255987730256214
Pop_011,PopArtist_1,Pop,0.46806978027542073,8.53803656646597,0.5928347921780097,87.82321827907003,-1.3098725520448722,0.4109512521876119,0.04352353411908561
Pop_012,PopArtist_1,Pop,0.43504963247670664,7.091760776535502,0.2024862170798214,78.90164056081244,0.1785562857558732,0.738947022370758,-0.2591351091368237
Pop_013,PopArtist_1,Pop,0.4095753198553406,6.498242956415464,0.7830804235404148,81.64375554829843,-0.2648801018835194,0.25663371655667805,0.048538774674020194
Pop_014,PopArtist_1,Pop,0.49843224952664444,6.297946906122648,0.5344675706804464,78.0394592343392,-0.7317574740660593,0.14806013853228803,0.13052763608994467
Pop_015,PopArtist_1,Pop,0.45025567283212303,6.765412866624853,0.3169258515899171,77.89677338617321,-0.17135725826338474,-0.40113863461080945,-0.08064285583300457
Pop_001,PopArtist_2,Pop,0.47020254284072693,8.88618590121053,0.6349155625663677,81.28775195361382,-0.03722295788308361,-0.9593856076495207,-0.013256937724608439
Pop_002,PopArtist_2,Pop,0.45301151049705135,9.463242112485286,0.5615278070437755,81.50773671166806,-0.017355884852621656,-0.584339018809766,0.5714114072575103
Pop_003,PopArtist_2,Pop,0.48759665163433874,7.791031947043047,0.4181225090410522,87.0139715546805,-0.7009255313961404,0.29342854690013515,1.0952278129049893
Pop_004,PopArtist_2,Pop,0.4004731837434656,6.433702270397228,0.6199302730175282,77.48262172941901,-0.7753317155330663,0.034281487403013663,-0.5311518568630524
Pop_005,PopArtist_2,Pop,0.4736796215317591,6.080575765766197,0.9099868810035079,76.08373353831881,-0.1610307581028378,0.4067586086848349,-0.6154321582169776
Pop_006,PopArtist_2,Pop,0.4613729967302065,8.307142754282427,0.2785033530877544,80.92316929266153,0.12994139712421177,0.3909114358886552,-0.618475355439041
Pop_007,PopArtist_2,Pop,0.3839771693457862,7.521941565616897,0.6593969346466372,81.25246425172938,0.17322410474848784,-0.3400123607892454,0.11612684858050178
Pop_008,PopArtist_2,Pop,0.46465362366493407,6.285648581973632,0.9731549022289513,82.36916460455893,-0.5956517486013243,0.32827680431691486,-0.4873408351136607
Pop_009,PopArtist_2,Pop,0.4893542301871226,8.158595579007404,0.4358635363296579,84.8168806462216,0.20639046346824916,0.411030079997245,0.9483964913269737
Pop_010,PopArtist_2,Pop,0.4377305941998565,6.246263835642511,0.4220971140748953,75.92094857517282,-0.0385508547070521,0.17057598740832194,0.13834539966500953
Pop_011,PopArtist_2,Pop,0.4913591624518012,7.013001891877907,0.8907068154314634,78.67671583381022,1.3600845832948094,0.3128336738825031,-0.4285787782081413
Pop_012,PopArtist_2,Pop,0.3964553750969444,7.482472415243185,0.5553074429348298,83.57000247046047,0.23661881228677242,-0.03641445632843639,-0.4233968590342025
Pop_013,PopArtist_2,Pop,0.3742576387657068,6.553485047932979,0.7712797588646945,81.07046872065102,-0.622869389355994,0.086590462925591,0.1926586898644184
Pop_014,PopArtist_2,Pop,0.40580712818994336,7.153725105945528,0.6116417436892,74.28514851084688,0.17889368017414164,0.2803922631841172,0.5415256215876385
Pop_015,PopArtist_2,Pop,0.5026901026017452,5.6223306320429085,0.4124349920169754,82.5751763360433,0.2568929754561044,0.25752384315302396,1.9263657453273606
Pop_001,PopArtist_3,Pop,0.47854452553465837,8.135565640180598,0.7908003526986405,83.256956256529,-0.1576346223201728,0.3794846102466337,-0.3864126072687859
Pop_002,PopArtist_3,Pop,0.43815906966299956,6.514636452170897,0.6163748278772645,91.57329283336755,-0.933632596295874,0.34313009518725673,-0.8063579355948258
Pop_003,PopArtist_3,Pop,0.42640340671052834,8.088950596967367,0.6128560038190926,74.61127611035347,-0.3576518546299841,0.3397988744673379,-0.36518331585856834
Pop_004,PopArtist_3,Pop,0.46082292947909875,7.045571839903814,0.46967993047883655,90.71972044662662,0.3169595111590056,-1.0125712933288036,0.09322715738471382
Pop_005,PopArtist_3,Pop,0.4169106767615806,7.852433334796224,0.44149585231345984,79.4263177926655,0.25249363949022857,0.43287759708506074,-0.6001482035278881
Pop_006,PopArtist_3,Pop,0.4332749382079526,6.5250546888390435,0.4693341534852576,88.82727120140548,0.20249085548047777,-0.6304419771675226,0.45893097352738804
Pop_007,PopArtist_3,Pop,0.5561078098506317,8.032465260551147,0.29612600680919726,77.57882963566874,0.6334555745933114,-0.3538347328093904,0.22190971407311422
Pop_008,PopArtist_3,Pop,0.48873170267146687,6.073069528421917,0.5880949287876399,63.79366329965464,-0.5121938206671449,-0.12628407569658015,-0.6238915909824247
Pop_009,PopArtist_3,Pop,0.5316205651965817,5.5698586220393675,0.5119911026606032,80.65370288643045,0.7206366445330578,-0.7179310755897197,0.5815818760774798
Pop_010,PopArtist_3,Pop,0.45051165305097934,6.018491348952049,0.6924206948526541,80.99529847786735,-0.30010843857939734,0.03490104249500946,-0.1926567984308801
Pop_011,PopArtist_3,Pop,0.45567586726256243,7.6621306745210465,0.9172033632290704,73.81092250586576,1.0665166873281333,-0.9760438997612509,-0.07589254751779166
Pop_012,PopArtist_3,Pop,0.47941586032422884,7.2809918677350325,0.47546009603588124,78.95938874821363,-0.2465004673294164,-0.29468237847210577,0.4248010485105123
Pop_013,PopArtist_3,Pop,0.4678507742982524,6.307090404739346,0.7799199750866501,81.53649760438304,0.40643105941948005,0.3148144209618061,-0.41449750546103614
Pop_014,PopArtist_3,Pop,0.4219909479901515,7.747293605123262,0.7220740530866929,79.89549203017926,0.058663691654391,0.6388324478942125,-0.29578569441791497
Pop_015,PopArtist_3,Pop,0.4773548690585019,6.797807347566106,0.5564637593545559,85.49388425993595,0.4127081744940149,0.40675481800031926,0.6527394035771645
Pop_001,PopArtist_4,Pop,0.451050192081638,7.6819529712949635,0.5379466486813088,81.62083176244221,-0.06507152718384229,0.048497982496359095,0.2975785127184568
Pop_002,PopArtist_4,Pop,0.4090889658383264,9.09238727568546,0.3987965237000596,73.92905693606134,0.5790554367500339,0.39583134698146794,0.31205990852607757
Pop_003,PopArtist_4,Pop,0.481417275463214,6.987753227153085,0.42054912570283365,80.37902279096863,-0.33858085575605584,0.4875598667088756,-0.07352869075106933
Pop_004,PopArtist_4,Pop,0.4087251401603744,6.678614158347006,0.6825862908551248,77.18137723598012,-0.4111101977832157,0.12184360574595615,0.12248328555436139
Pop_005,PopArtist_4,Pop,0.42465284123144353,6.528961694381677,0.6464099874715272,72.75957829251338,-0.7037318871882776,-0.359222110626218,-0.10672357585592362
Pop_006,PopArtist_4,Pop,0.4655453782799002,8.475356216949551,0.7715319246404039,79.20030735018287,-0.009508103951344415,-0.5012646823189044,-0.009256567996194965
Pop_007,PopArtist_4,Pop,0.4355670680539931,7.32271856033809,0.4345538112895354,82.59673257120586,0.7663694565012888,-0.0543800742284288,0.20085586104947073
Pop_008,PopArtist_4,Pop,0.48450719958555566,6.5987795281141635,0.6448184963620833,80.06296200390898,0.04883804927441586,-0.38650489192773324,0.012255087129471357
Pop_009,PopArtist_4,Pop,0.4748999145622725,8.451143607795041,0.7918541652170413,90.76591228755778,-0.38367378144402475,0.4361603183603391,0.09167100286917587
Pop_010,PopArtist_4,Pop,0.5594901466608836,6.191701714644848,0.43205563156384474,77.0030367727799,-1.0619478621549034,-0.2628775108403805,-0.379566330776849
Pop_011,PopArtist_4,Pop,0.4575196893238104,7.3417559757771595,0.9752341678431773,84.75211919093024,-0.28845182783120155,-0.449207335674179,0.24595958575325286
Pop_012,PopArtist_4,Pop,0.3839883396489679,8.831458765854354,0.8358880241442574,77.65412173947648,-0.8565672645454387,0.6769361870827064,-0.05726992262630894
Pop_013,PopArtist_4,Pop,0.5118908155986731,5.405572341205633,0.4801249954092454,80.02621849859092,0.023490296882371028,-0.22503273573962182,0.3114249661737494
Pop_014,PopArtist_4,Pop,0.3966189785308703,6.857620514978707,0.6240591263423797,82.57219417029374,0.3558074390444449,-0.5623210459189346,-0.7670570853678111
Pop_015,PopArtist_4,Pop,0.5138838410949255,7.332314011979592,0.4503026926886893,87.75575987761262,0.05783731714642933,0.5896485920319132,0.033759240705054476
Roc_001,RockArtist_1,Rock,0.45303739624409933,8.255340842443204,-0.27468924454372207,77.77256760763484,0.8226879747925737,0.7843157787661743,-0.6324617302900523
Roc_002,RockArtist_1,Rock,0.38430257299992193,7.558424486849588,-0.7276218459269344,60.5339318986738,-0.5196160888800503,-0.034703417222278876,0.20877112789798116
Roc_003,RockArtist_1,Rock,0.4251178526048014,6.574094780419776,0.2885846636713875,58.95918833428087,-0.3516912196775773,0.07222615055169061,0.04203272446965364
Roc_004,RockArtist_1,Rock,0.3483652625952953,4.432557899960123,-0.22673601185383654,59.56424399596118,0.8348362744150193,0.28329912304842414,-0.6199398931636776
Roc_005,RockArtist_1,Rock,0.3243066541331653,5.440786478111049,-0.21880372918195157,77.6411385640099,0.007136976832228137,0.3520232577589222,-0.4151288091862204
Roc_006,RockArtist_1,Rock,0.31035635838688275,6.392969640045442,-0.5105726967258122,65.57080555722254,-0.09893894629442423,1.0823625664581946,-0.1323682240141357
Roc_007,RockArtist_1,Rock,0.3150137246003707,6.713979910734222,-0.23369841490724896,68.23224320373421,0.8070833500217126,0.47875385502365253,-0.41525057380526376
Roc_008,RockArtist_1,Rock,0.321209087967766,6.224948302848356,-0.8905763494206755,57.878471502411585,1.1834371337222622,0.9224838567506418,-0.2745180197781891
Roc_009,RockArtist_1,Rock,0.3788278481527883,6.811250154543536,0.7236642425365714,78.9565992914766,0.43604120425961673,-0.3777702203002129,-0.9532231601287863
Roc_010,RockArtist_1,Rock,0.3601731817933611,5.743649254715697,-0.6266761128793022,64.82741692605978,-0.04077400180719748,0.9435708175362824,0.29081987847472524
Roc_011,RockArtist_1,Rock,0.3496013679341691,7.979944138890026,-0.17678950770571453,63.10972638937389,1.2615620386348287,0.36945502184232937,-0.6686230771632282
Roc_012,RockArtist_1,Rock,0.3404830660958196,5.624381746615243,-0.6148399192893008,77.40942038025312,1.4547083202350652,-0.5992837869095706,0.13148461834528544
Roc_013,RockArtist_1,Rock,0.31746787154390865,6.012874616235304,-0.3777181772716608,63.08807384256147,0.5242608139724135,-0.3154750582055189,-0.014771587110080586
Roc_014,RockArtist_1,Rock,0.34748809452754315,6.26105195313359,-0.47226909861247934,65.38582935545334,0.877695612912878,0.35045859381219036,-0.6387776223992755
Roc_015,RockArtist_1,Rock,0.3549666152714613,7.251387123371789,-0.7008215843364116,74.34688153903949,0.16868812052707666,0.3852993342965797,-0.5316295782712585
Roc_001,RockArtist_2,Rock,0.25975589496677404,4.872457562116837,-0.18557451600158542,72.07778001377186,0.04784168744779571,0.41929622938868694,-0.98076003113448
Roc_002,RockArtist_2,Rock,0.3466960100676342,5.288983800237544,-0.39555083234064775,70.37918937053131,0.0697933173580238,-0.09227777211491267,0.35314640460722024
Roc_003,RockArtist_2,Rock,0.32115540652384256,7.335692112065142,-0.5389120563972855,74.23843342332226,1.2207843103289502,-1.1358222500636446,-0.5484476277352384
Roc_004,RockArtist_2,Rock,0.378853606359027,6.296954613957007,-0.08865623798860736,65.16811850627343,0.5432948937364499,0.022161382303960267,0.43389103082990366
Roc_005,RockArtist_2,Rock,0.3627210421650606,6.837602662075202,-0.3235630898367402,66.09915020742005,0.2837209060901895,0.29722607118914846,-0.3604922404101315
Roc_006,RockArtist_2,Rock,0.36448874284482063,8.57540079864544,0.06133741102950768,67.39181174265727,1.1006069610819724,-0.10403768651077569,-1.1690622675889268
Roc_007,RockArtist_2,Rock,0.29959568445412976,4.629208078974145,-0.3054540452123926,70.14734703351641,1.3382186561376415,0.2634636868820813,-0.25955026440443213
Roc_008,RockArtist_2,Rock,0.3914702790591744,4.288864690992115,-0.12931563256743023,76.16692155109574,-0.23929312288992077,0.6718770216034645,0.019248203747207066
Roc_009,RockArtist_2,Rock,0.3292356043049599,7.132781866106285,0.4812078573413187,71.45493004046796,0.6241102931501681,-0.12968044977012205,-0.5749221847323959
Roc_010,RockArtist_2,Rock,0.39151679082721225,5.6439161740911326,-0.17853012883418226,66.17874042587907,0.739489912873196,0.2668310526434742,0.3687699721289496
Roc_011,RockArtist_2,Rock,0.32449918005726264,6.230125064706629,-0.49362911473469223,66.4456539193911,0.6886502465224261,0.4784943083226759,-0.6110826620888127
Roc_012,RockArtist_2,Rock,0.393480296005283,7.8556378588049505,-0.07596952903288975,85.01436650046453,0.11310540044821349,-0.5223273516557085,-1.0393601244521393
Roc_013,RockArtist_2,Rock,0.42480221557445913,7.154365656354058,-0.21667540127313653,72.23974901055857,-0.06274452364918826,1.3228759898084133,-0.08538940901238624
Roc_014,RockArtist_2,Rock,0.35546973973024465,7.225766623898692,-0.05569723047898606,71.79107219423305,0.10476277227734404,0.33573417856799787,0.7910122482375168
Roc_015,RockArtist_2,Rock,0.4172710023077489,8.093186626639397,-0.3533647029293555,62.08316143793135,0.4371065399501759,0.1278624561443473,0.39709575923547424
Roc_001,RockArtist_3,Rock,0.265376768514259,8.029550319460613,-0.24740236957369682,66.58495144042064,-0.00605218763008375,-0.7274283359328847,0.26158529198095726
Roc_002,RockArtist_3,Rock,0.3536658983594202,5.210039100258946,-0.5885236316190848,67.31372240567897,1.3345107626446966,-0.029795675681802386,-0.9015714765590531
Roc_003,RockArtist_3,Rock,0.33771284679570274,6.22727643025233,-1.0,69.5656410678575,0.38453273489566103,0.4481031824067092,0.7744780474726726
Roc_004,RockArtist_3,Rock,0.4063282514773878,6.231111309445169,-0.5319577726225011,90.58687842599889,0.5296092170072442,0.1069646459564731,-0.16206254355500163
Roc_005,RockArtist_3,Rock,0.3599042380383927,6.355639588076057,-0.37209860206407086,65.62512847007686,0.4836233648920008,-0.17171238556688248,-0.5064228913385822
Roc_006,RockArtist_3,Rock,0.35532151138459483,6.245022782579145,0.25119789657480657,48.792241532855904,1.0457534259612309,0.7230425962488145,-1.1866951162040746
Roc_007,RockArtist_3,Rock,0.33286562029598254,6.128559134004209,-0.6222535084153464,63.777466499273,-0.055287922732914385,0.9761352217118113,0.3178391965737306
Roc_008,RockArtist_3,Rock,0.4135777547497079,7.2216720640432355,-0.5387155313651688,65.80383786976181,0.7446872806139591,-0.5110639044459727,0.20649921508619404
Roc_009,RockArtist_3,Rock,0.3379837300920932,6.125179192450402,0.013287990461047422,73.55410649188832,0.31951691709046004,0.679664901682124,-0.6905316637999487
Roc_010,RockArtist_3,Rock,0.38079678034721315,7.093101257968383,-0.2928639317941971,72.60906417793694,-0.12555678819265148,0.5620135096034505,-0.2424510682214945
Roc_011,RockArtist_3,Rock,0.323863848974048,7.5490092258368895,-0.4113031071628278,58.732309629091525,-0.27831458676195187,0.4030049756728198,-0.7902146762481416
Roc_012,RockArtist_3,Rock,0.4377397090992182,4.418070592116278,0.3089369104870114,71.68813973762094,0.45164344406480383,-0.17245954340447486,0.049568057176035435
Roc_013,RockArtist_3,Rock,0.3481182648787576,7.603301882016521,-0.16573170540138812,71.20241409169502,0.31819389389307207,0.07152718813946628,0.0039008844460295955
Roc_014,RockArtist_3,Rock,0.2644915803671687,5.151814577894287,0.022979228206814473,71.36692350502354,0.4080083318236604,0.10921696653269658,0.023790852680835528
Roc_015,RockArtist_3,Rock,0.3230120159845319,5.721695274597687,-0.14124642347069555,62.17301777907974,0.704126377857236,-0.7512918021189202,0.3645778186628218
Roc_001,RockArtist_4,Rock,0.37362987412065213,6.756029734313875,0.09480729518365416,83.32379555570061,1.0071850325090652,-0.8204371156658227,-0.7897884833678508
Roc_002,RockArtist_4,Rock,0.31875907111521606,6.526091050210834,-0.04470229385926311,64.19404949477227,0.5933833822385391,-0.2776914661766613,-0.4557589014959741
Roc_003,RockArtist_4,Rock,0.27966694515758883,5.576766753889096,-0.6055053816849001,62.19301397618134,1.0268208983039198,-0.37469944441597147,1.1661910324186955
Roc_004,RockArtist_4,Rock,0.37466589504404446,6.684836123694874,-0.45750733405436406,75.60247903527193,0.21218108688111303,0.16100490732268072,1.1300422691343974
Roc_005,RockArtist_4,Rock,0.3451970050137675,7.649273326285676,-0.41095292753776624,69.7200920760243,1.385400317817755,-0.2134835288938837,0.7562242789984643
Roc_006,RockArtist_4,Rock,0.38538759677277373,5.937533224105732,-0.010277678283343722,77.78043559701383,0.8109049811085982,-0.6851123599452282,-0.5135685879124343
Roc_007,RockArtist_4,Rock,0.33762406822242474,6.425566570899954,-0.013798370734796617,71.42160800746603,-0.16767217935505063,0.2900989255029816,0.15529287264191158
Roc_008,RockArtist_4,Rock,0.377989522396552,7.580780725554622,0.050176646364671174,73.6734406338275,0.4649171442706765,-0.7304804667579957,0.06480910956629293
Roc_009,RockArtist_4,Rock,0.36038438435815556,6.771578837195373,-0.5830245727460928,61.3515476767339,1.0265764266664519,0.08022242307167249,0.19075034868631222
Roc_010,RockArtist_4,Rock,0.351415918806523,6.5297561394957455,0.08148514179279931,65.87164217426101,0.5480603884704917,-0.13113764435252123,-0.3672481137161578
Roc_011,RockArtist_4,Rock,0.334541393826568,6.722133771633713,-0.3436245864990432,80.04604900458817,0.052696348890248046,0.006564177919320485,-0.3698655291370875
Roc_012,RockArtist_4,Rock,0.4223488942176866,6.696554776511575,0.10955336184059045,58.11551701570423,0.6335251329346294,0.5448153978117185,-0.1088580053622879
Roc_013,RockArtist_4,Rock,0.4032740187532675,5.982711549899628,0.22280423205567396,88.391184988954,0.31858071978017044,-0.12275126070038589,0.5766922385588504
Roc_014,RockArtist_4,Rock,0.4289786072865356,5.977139972846731,-0.3260560451287572,67.74572312911594,-0.17222525551713852,-0.35932597324209914,-0.652070383376034
Roc_015,RockArtist_4,Rock,0.3116101217447935,6.465315112613219,-0.1297355802390438,82.40400394251262,0.0008229796306045145,0.5921611992382919,-0.2569944221127545
Rap_001,RapArtist_1,Rap,0.24752681451737835,13.012229238249905,-0.23681660646868954,53.82409746184051,1.083226104106528,0.44622563200407456,-0.15541567804609094
Rap_002,RapArtist_1,Rap,0.3727650069955447,11.043390023623026,-0.05929908650054527,43.76859473575236,0.7222614404198726,-0.11869356365325884,0.2945082655537759
Rap_003,RapArtist_1,Rap,0.3210252123994928,11.143880559375786,-0.1497066719312686,54.71415556386404,0.7238884778595144,0.5164659088777555,-0.19853848957435014
Rap_004,RapArtist_1,Rap,0.17421279425013841,14.321257801995092,0.6387633019286565,43.87211309515614,0.806149220032008,0.3429326953624525,-0.1327716050064875
Rap_005,RapArtist_1,Rap,0.28292721363364154,15.0,0.04691583175178519,42.01702755461546,0.3103403859927364,-0.16546501997095953,-0.3165634864368985
Rap_006,RapArtist_1,Rap,0.33972789317588936,11.223583051445743,0.16713638549166954,49.83577103927248,1.594196636724042,1.4634662129368108,-0.5654343864601603
Rap_007,RapArtist_1,Rap,0.22552802787408888,13.566241315603609,0.3045674468878934,68.46707325736034,1.2919640926629818,0.020353954606470243,-0.004672584653845346
Rap_008,RapArtist_1,Rap,0.3054351790291454,13.230723271796046,0.2521822093321893,60.666746895891535,1.5846477952228364,0.8910794955187635,0.024354943794821338
Rap_009,RapArtist_1,Rap,0.2416440959841573,12.220070529649984,0.46195268995250705,41.83064329012764,1.1843366544364506,0.003330593836319673,-0.28562758853259124
Rap_010,RapArtist_1,Rap,0.31392259313036497,12.286648602029855,0.11393096444684465,36.40143859020081,1.3731267830136105,0.5227420905705378,0.7816273616527301
Rap_011,RapArtist_1,Rap,0.23461108825234997,12.32872549149591,0.17481510511322657,65.77453279763475,0.952352233806524,0.3395107628851696,0.003948254858269606
Rap_012,RapArtist_1,Rap,0.2593304561578179,11.330349578174207,0.1582269978694923,60.73631749859772,0.4867423502944699,0.266484837073438,-0.6500604074695866
Rap_013,RapArtist_1,Rap,0.30975233144624215,9.715219642824337,-0.0676765541814765,53.772118750645205,1.78276201461717,0.1671248694635061,-0.5775997633465992
Rap_014,RapArtist_1,Rap,0.3440578534720295,9.827979149375635,-0.5596417869860246,54.40014450053332,0.7489728878236944,-0.3106164085653566,0.05417822364967667
Rap_015,RapArtist_1,Rap,0.2621900356885599,11.153882053894908,-0.2840913196012683,58.724573282801444,1.3251005889793306,0.15041206811030855,0.6233184980238329
Rap_001,RapArtist_2,Rap,0.19649576168369237,9.711712243612892,-0.1075724209643733,49.54413983644502,1.1216697246613458,0.07938197107183508,-0.12397230174285159
Rap_002,RapArtist_2,Rap,0.18742302879047779,14.165646906109888,0.07535464648222936,61.172958315881274,1.171362673188852,0.42837660957689194,-0.015116359883898034
Rap_003,RapArtist_2,Rap,0.27238542800086574,12.964084139801315,0.4987457590397294,51.9652116970147,1.3545018787942562,0.15513215285638665,0.4200586077247364
Rap_004,RapArtist_2,Rap,0.2161803848970365,14.701410649366224,0.08795261480669699,35.69224897881952,1.0640522074553946,-0.1405258287374404,0.12032177449436204
Rap_005,RapArtist_2,Rap,0.21736880103488046,11.33072485017783,-0.46686221928365934,45.47693680750923,-0.21193966331447833,-0.5919514117428617,0.0802073280721487
Rap_006,RapArtist_2,Rap,0.2892900079325416,12.638186342677447,-0.19009284293876386,49.5228864385802,0.9981987304547157,-0.37918234459627137,0.4516991508835753
Rap_007,RapArtist_2,Rap,0.2938681145287836,11.668553739255504,0.10806575169835923,52.08382807947552,-0.02086743421214532,0.07641130873970155,-0.6409921239988993
Rap_008,RapArtist_2,Rap,0.1999189995052542,11.578349560671068,0.6393059580548567,56.4084286126701,0.7144105051086016,0.4862913906780793,0.3996777182930011
Rap_009,RapArtist_2,Rap,0.29623168414563844,12.08944555488026,-0.09408103331167217,56.982233136135896,1.1967426927108749,0.6475966100138661,0.01758590084098477
Rap_010,RapArtist_2,Rap,0.30247763576596676,11.197147182659148,0.49521821969029767,51.975996046923996,2.0376304363126327,-0.14459390904478392,0.5679819015826246
Rap_011,RapArtist_2,Rap,0.2598955391731324,11.022872994578327,-0.04516575021629646,46.7965269180568,1.2120829732009581,0.4614177440177498,-0.5868500019692895
Rap_012,RapArtist_2,Rap,0.24878227038695086,15.0,0.6182629510302133,54.36323669674032,1.0190017390841002,0.2600156633591307,0.00675898636520833
Rap_013,RapArtist_2,Rap,0.19886037174007973,11.613935193864982,-0.4005752221632768,53.992231226052795,1.3235979698513705,-0.04159323114968699,0.48699338164501643
Rap_014,RapArtist_2,Rap,0.18871171684988294,9.80343767968527,0.16733554556799163,60.470983026121544,1.8419638457289342,-0.029442131434469998,0.23934041671564782
Rap_015,RapArtist_2,Rap,0.24807457652496465,11.74105905008877,0.3650979812460017,56.5232287841342,0.2118039215078753,0.9382701748629478,0.3900456770737258
Rap_001,RapArtist_3,Rap,0.21872186492452353,12.593705300156113,0.24820905588482164,52.60673765823907,0.7248474230772899,-0.13581168396902576,-0.3127770354957226
Rap_002,RapArtist_3,Rap,0.3086364509629682,12.815400231891648,-0.01118429962583177,57.716987106483444,-0.42427131031503773,0.7743828501860517,-1.1698568893890497
Rap_003,RapArtist_3,Rap,0.2318779529298434,10.320495158060783,-0.28840444271627175,61.608267873785195,0.7661493993440543,0.3732519408653579,-0.32346028943959204
Rap_004,RapArtist_3,Rap,0.2738520413611561,12.115232836590383,-0.28489766725657084,59.9626681944714,0.7531217084193438,-0.5782909493298756,-0.5140575804829562
Rap_005,RapArtist_3,Rap,0.32503798953171553,13.275332613170239,-0.00459564032235775,46.50742295681571,0.8391824743913087,1.2383739917804204,-0.10903227388422332
Rap_006,RapArtist_3,Rap,0.2715020823595535,13.545425181047763,0.17163674770795406,47.40957854179297,0.9018250754575109,0.16419937029296805,-0.3186111182549208
Rap_007,RapArtist_3,Rap,0.286381477181849,12.07791882871095,0.31979202316467376,49.19283419891418,1.0393175951580453,-0.7991003422660539,0.15816383735124073
Rap_008,RapArtist_3,Rap,0.2673244237948996,13.497015164789477,-0.7688766134581068,70.88374704780728,0.9302051859224131,0.7540914083687582,-0.8199529635627654
Rap_009,RapArtist_3,Rap,0.28063869525312846,10.419876655239516,-0.08713068820874154,69.14031353866787,0.9046587996183267,0.3087164365898615,0.1350338653443771
Rap_010,RapArtist_3,Rap,0.2747840943986302,12.225628357715365,0.20948830073986763,74.03415585238275,0.9711906014832073,0.30054952335748375,0.22532719800380602
Rap_011,RapArtist_3,Rap,0.3052762966478992,13.78054545834057,0.29161906660875536,38.569950872695166,1.816715766150548,-0.373172696509344,-0.14868226738048337
Rap_012,RapArtist_3,Rap,0.2122862074990321,11.90379248011051,0.19862872309104412,53.21357215450273,1.2109603771176425,1.0068556345293236,-0.07323284924301007
Rap_013,RapArtist_3,Rap,0.23779216823546756,13.446130752432536,0.4568411466773922,37.72392184863008,1.298700034924929,0.5505863711554492,-0.44878175167999595
Rap_014,RapArtist_3,Rap,0.31878534066558095,11.77491661945121,0.1376729360414627,48.2692817571613,1.0077895237907337,-0.3481375434476009,-1.0200254412971472
Rap_015,RapArtist_3,Rap,0.3297252531612486,10.729557977522509,-0.1974177048368921,28.466098863962852,0.6805191261552489,-0.46154489670374915,0.5210075800681846
Rap_001,RapArtist_4,Rap,0.3004908544671317,10.967774482233414,0.7757307416032926,59.81765486991594,0.8375843082456887,-1.0497028574367866,0.8454712862953708
Rap_002,RapArtist_4,Rap,0.1805213766618202,9.531901879564662,0.4067711296028921,74.39752406339272,1.692136409255259,0.4819545600261798,-0.0026228291673570103
Rap_003,RapArtist_4,Rap,0.2926707779390154,13.138392884680147,0.18435742719081274,51.04201103951876,0.9687034360502388,-0.17698229443333813,-0.440337538433387
Rap_004,RapArtist_4,Rap,0.16535215929023073,11.852490559807876,-0.1965773321452752,38.964106827842286,1.0899470755767393,0.8960011431722996,0.15915830300115652
Rap_005,RapArtist_4,Rap,0.17147496981884114,10.515557795144494,0.38223135639646477,40.175126064616904,0.8876834250014877,0.47502604951227595,-0.7841722274318177
Rap_006,RapArtist_4,Rap,0.25526877530729797,9.998961757622693,-0.08041029318536408,53.19781934142537,0.20350313323416536,0.4202373689801995,-0.3098188994633406
Rap_007,RapArtist_4,Rap,0.2776244977208574,12.335871201096992,0.5092421289921533,51.25224502647907,0.7852972294373735,0.2611487515161419,-0.028350985481806035
Rap_008,RapArtist_4,Rap,0.25244300351628524,12.060887536805824,-0.11059750634202659,43.37099082449052,0.29869736410015324,1.0747883715934696,-0.9219316176956425
Rap_009,RapArtist_4,Rap,0.21535474011020464,10.922389101646203,0.3684773130833324,47.05050321707972,1.623871036336867,-0.13674531212193425,-0.160502918888099
Rap_010,RapArtist_4,Rap,0.20823264733701213,15.0,-0.2562795257088538,53.09820710227027,1.3168884404660492,0.4068995487257491,-0.3926438294388541
Rap_011,RapArtist_4,Rap,0.2435089650133287,12.065717207968664,0.055899399511453424,59.638791167949094,2.1052615007956756,-0.07874589250391678,-0.984901489789539
Rap_012,RapArtist_4,Rap,0.24558589758243726,15.0,-0.14110237039091922,66.39116805444067,1.8388504070382203,-0.07679412085399728,-0.015508460407362312
Rap_013,RapArtist_4,Rap,0.3314198311564269,11.431308388518769,0.03892589196929148,44.18319086051356,0.49262163465356656,-0.12463877253300354,-0.9119701333811283
Rap_014,RapArtist_4,Rap,0.2517041734129613,10.845040153412038,0.1701357735372243,34.44104353796373,1.1654401161072285,0.6167644808044623,-1.2968678212857276
Rap_015,RapArtist_4,Rap,0.2687028284923786,13.841503488709938,-0.26289230560736165,66.72572386837703,1.2095095046830227,-0.15250592787920442,-0.327884538828853
Cou_001,CountryArtist_1,Country,0.42791634562608616,8.076005391412412,0.4077511984892738,70.39663203460317,1.5846804120180389,-0.40685724845249005,-0.5056130306743502
Cou_002,CountryArtist_1,Country,0.35480461792676055,7.264470057410233,0.5472186350420875,80.45655060297135,1.8045690604535884,-0.24615638233628945,-0.6082042248474009
Cou_003,CountryArtist_1,Country,0.4606548849989592,8.141716913639904,0.7638659079963388,76.96658919697185,1.5960245582450159,0.14544176789874935,-0.3832295476088588
Cou_004,CountryArtist_1,Country,0.3923765081809728,8.70810867668859,0.4913404633589168,71.07005269746026,0.834383523221111,-0.6181026865516482,-0.19600433654372812
Cou_005,CountryArtist_1,Country,0.34483166969130635,5.847109407047517,0.3777157209061928,87.46499758716395,1.4969645442300534,0.719245387225821,-0.40908532072621745
Cou_006,CountryArtist_1,Country,0.39505551734044286,8.91907648298777,0.24194509116226973,76.33696157035952,1.6608489030980067,-0.03404522682152433,0.04602117476826145
Cou_007,CountryArtist_1,Country,0.3912520121652296,7.244254840507155,0.4073019687140807,70.50766009104481,1.5140905786845642,0.29544050167789826,0.09294778291578909
Cou_008,CountryArtist_1,Country,0.4237349116439977,7.974973041254856,0.4635532598400574,81.95103774508657,1.778905153175931,0.30517630992169037,-1.1059181161750797
Cou_009,CountryArtist_1,Country,0.3467443168462314,7.694775295645332,0.17809755956814335,74.06514348507277,1.5283249624485535,0.5648463771783654,-0.48524938902954556
Cou_010,CountryArtist_1,Country,0.4243250821913101,8.064474414810121,-0.0950933132707743,70.30332303090623,1.4279562221391924,-0.30484737142055374,-0.1500356350018977
Cou_011,CountryArtist_1,Country,0.47653754161718487,9.218761851697316,0.2573114258139584,82.45363068424976,1.5743337286010557,0.13145701444098037,-0.7567013317704698
Cou_012,CountryArtist_1,Country,0.3848765156755936,7.611823181458771,0.3340832444750975,75.80286990524932,1.5015230100767072,0.518469084873175,0.1453231373931707
Cou_013,CountryArtist_1,Country,0.4474777067720662,6.5151020315500965,-0.21078422698039095,79.67159955619637,0.8165606507922895,0.18761729905365826,-1.0350565130296796
Cou_014,CountryArtist_1,Country,0.30990097812099904,8.541462728204788,0.4518310320605294,72.11744799636641,0.20447885392754506,0.02687777587375867,-0.25409799729872673
Cou_015,CountryArtist_1,Country,0.3260544215612936,8.183359919779155,0.2969380301654009,77.89645749800545,1.5597901842070767,-0.1865344704407777,0.1482857508322457
Cou_001,CountryArtist_2,Country,0.39207352134865153,7.972695460490068,0.11334640818536076,72.78358874404245,1.0575986429865496,0.21352697003828855,0.40585424007117177
Cou_002,CountryArtist_2,Country,0.3314049428534322,6.386438602123259,0.5942340654987217,73.95338161424067,1.1654636306700417,0.8199523436980383,-0.752807769868432
Cou_003,CountryArtist_2,Country,0.49130048567734685,8.67792587133927,0.20241771837085945,85.78654106632752,1.1971425384983307,0.6710476860046535,-0.300353709796754
Cou_004,CountryArtist_2,Country,0.4650870644699399,9.561511196726853,0.3064008298131533,71.23291064826908,1.7299860714695583,-0.03885768487605301,0.5566936237633116
Cou_005,CountryArtist_2,Country,0.4068267665541369,7.634678448687891,0.3369360611729817,68.26436855235151,1.0141929807446743,0.9002069539722127,-0.7784471394856978
Cou_006,CountryArtist_2,Country,0.347654450865903,8.536652752527287,0.5371408309325993,78.59476655332533,1.9980238429029082,-0.07839754428473034,-1.1609053333709218
Cou_007,CountryArtist_2,Country,0.47506668259777435,7.677320161157864,0.24983339670899052,81.6409707092453,1.77811500470033,0.5279438860408039,0.632501172450542
Cou_008,CountryArtist_2,Country,0.36782408848099285,8.927840128081238,0.3114026249794169,76.34296139431629,2.264234213206266,0.553917878144812,-0.18085196047518348
Cou_009,CountryArtist_2,Country,0.45362536686549015,7.635047270457115,0.1321580665321987,69.77595402989483,0.5168217053119991,1.3281035649701611,-1.0016041828608415
Cou_010,CountryArtist_2,Country,0.3889373188207114,7.723186700111079,0.36148133956182016,79.07868606269648,1.9302367441798727,0.008461280715530817,-0.5335608568932058
Cou_011,CountryArtist_2,Country,0.414128997524415,7.751308873816453,0.6214691152039986,77.45487475819125,1.8674388930249086,0.6314406343337065,0.13673692874266252
Cou_012,CountryArtist_2,Country,0.40905107793518536,6.703168052044154,0.3799375903505283,71.74321553104086,1.2356916591251217,0.5931820093775466,0.1691415357168179
Cou_013,CountryArtist_2,Country,0.4010635788368031,8.308833012598964,0.6404429889270475,76.20376589744284,2.800841557090197,0.5827548228157722,-1.3303813795779087
Cou_014,CountryArtist_2,Country,0.43766708105522667,8.381158384882777,0.5579505508165491,78.36590675634979,1.430772008008113,-0.3121491181446828,-0.5545116286430126
Cou_015,CountryArtist_2,Country,0.357473977289535,7.419476550195277,0.4177156808841219,83.34952252175702,1.6973357649114906,-0.29794153101759213,-0.2276986658899296
Cou_001,CountryArtist_3,Country,0.4598315743322826,7.390217095680618,0.2731965666654165,75.07344097364599,1.1075508434588799,0.6241402169219296,-0.5104740743038907
Cou_002,CountryArtist_3,Country,0.4209766221953514,7.1125078221979,0.2125083399353179,78.61190678913886,1.3135834239541164,1.1634819256167026,-0.6498180928073012
Cou_003,CountryArtist_3,Country,0.4112342362875943,8.93259083187309,0.016326853413393627,66.19595594009613,0.7371718427149526,0.9312920517135911,-0.7259290729462233
Cou_004,CountryArtist_3,Country,0.5279099642834126,7.4357524013426115,0.3369102606394074,82.71054976283938,2.5030464440795615,1.330751788318199,0.15418311529657125
Cou_005,CountryArtist_3,Country,0.45120312629057313,8.592526949201183,0.45567221523332757,72.24407141835734,1.0909005582888465,0.298312771294524,-0.5350923112624641
Cou_006,CountryArtist_3,Country,0.37733859753363624,8.696387447456715,0.49106104171410214,75.44203443145923,2.238765040527631,-0.2708445570667525,-0.546829729639859
Cou_007,CountryArtist_3,Country,0.3641588839698598,6.13346338292694,0.28346386283146013,74.39126245808359,2.2567248716210653,0.6154058422773888,-0.9620934121646024
Cou_008,CountryArtist_3,Country,0.49270462831670947,9.221033695525353,0.41641954069372317,73.86757950575084,1.0202803816382602,0.11389661196447354,0.09437430985209305
Cou_009,CountryArtist_3,Country,0.4942293152967305,9.543243528272189,0.20223011564274518,69.40191283355495,1.570443123455602,-0.5842196827814258,-0.2884161429076092
Cou_010,CountryArtist_3,Country,0.3926198706850666,7.533963498131758,-0.018940613453359123,77.56800053284859,1.2336495801690444,-0.284958417855144,-1.8861311066408246
Cou_011,CountryArtist_3,Country,0.3986242547474682,9.772251596669744,0.632251842909574,72.71451871706864,1.1988939698191097,0.5343871280375119,-0.9491927195941456
Cou_012,CountryArtist_3,Country,0.4150895949909733,8.76608027838469,0.5453866447768615,74.49922961760024,1.398163124911517,-0.13899129337828048,-0.86344017701993
Cou_013,CountryArtist_3,Country,0.38867605540492367,8.367365506816178,0.4827169252466499,70.98410524659828,2.2463442844797608,0.16443819947871566,-0.46068364717421806
Cou_014,CountryArtist_3,Country,0.36263941604260885,5.575759739727058,0.47680907927220995,78.68421948546217,1.3593362214408933,0.333495358612436,-0.19203039114795023
Cou_015,CountryArtist_3,Country,0.3218727071556729,7.470947322653705,0.45885293592436543,68.72855288415376,1.6467789660833145,-0.3782909023117025,-0.21678500878323678
Cou_001,CountryArtist_4,Country,0.39821792588512583,6.384868184094491,0.5329478708914342,71.32704211600975,1.0948737814928096,0.4002845986154715,0.12431867471435765
Cou_002,CountryArtist_4,Country,0.34920890905108015,8.061679849847971,0.3857633000661146,78.46552803631572,1.5882207776386126,0.11648608045833889,-0.8637951103243597
Cou_003,CountryArtist_4,Country,0.40430719415231875,6.927860988014393,-0.2842700966989215,77.18279902078834,1.9519674205430977,-0.8814662177709192,-0.9548653523549687
Cou_004,CountryArtist_4,Country,0.4309577130502599,10.057495469711698,0.30415874153508154,71.35998529385432,1.40855177944758,0.9874382095740925,-0.7729820895622677
Cou_005,CountryArtist_4,Country,0.36004039966748735,7.517256477817968,0.10933427834825751,75.61335157997398,2.31233922923478,0.46153963655801455,-0.5761767510631437
Cou_006,CountryArtist_4,Country,0.38540943655422283,6.436809191303343,0.4766219554294318,74.610814014936,1.4097600432046873,1.8965537839224305,-0.30062354581715683
Cou_007,CountryArtist_4,Country,0.3624104474952408,7.573642403794457,0.529689141839351,75.56635205268883,0.7808610108413166,0.7596144672876017,-0.7840720427694969
Cou_008,CountryArtist_4,Country,0.49366488881087733,9.08004806571465,0.21053562086824973,81.40508180867556,1.5339277552637016,0.7263868375611098,-0.20763359135276258
Cou_009,CountryArtist_4,Country,0.3576821672504563,7.356450167682538,0.5059921635162322,73.3261233394673,1.2981757683790016,-0.17756128967467644,-0.23820046720326943
Cou_010,CountryArtist_4,Country,0.5031262459621573,6.932467085745727,0.3048438913345516,82.06110277707714,1.4601793043771425,0.526185898124867,-0.9811967640734398
Cou_011,CountryArtist_4,Country,0.42141535486038245,7.812855734995451,0.49714599913597257,80.93693025782376,2.794781821009307,0.5898165866067879,-0.2871018417089167
Cou_012,CountryArtist_4,Country,0.4097192150788668,7.6468337071893115,0.36769676869233825,73.52299294930485,1.584230488134807,0.9587987678039799,-0.9532712826398205
Cou_013,CountryArtist_4,Country,0.4569939280564523,9.317115067339865,0.2763862946017842,64.39072550495703,1.1960890064527838,0.9484972732805547,-0.46143403114944104
Cou_014,CountryArtist_4,Country,0.3500348883852545,7.4952250787717825,0.4681240053009106,77.73366784100689,1.3805339504151528,0.11658779409265627,-0.645879074521911
Cou_015,CountryArtist_4,Country,0.3538794907750749,9.615375689469442,0.235535906157732,81.08579260412748,2.2606580259612254,0.7991554490739803,-0.6658101563590242
RnB_001,RnBArtist_1,R&B,0.40018650451683047,8.4709652723309,0.21925962785397438,73.94615569032962,1.4104801044200987,0.9938396942307819,-0.8323086486491965
RnB_002,RnBArtist_1,R&B,0.39005798279364196,8.83994544585537,0.34821900525918453,75.52016280885165,1.7625481716887377,0.8356486487286221,-1.2729898401233743
RnB_003,RnBArtist_1,R&B,0.3863189789773206,10.826714798869942,0.19993373507888507,67.9335301768509,2.2569539248294577,0.489790890969799,-0.4246849503632204
RnB_004,RnBArtist_1,R&B,0.4044593565073832,9.261665762274124,0.6219399683912447,74.45891194157107,1.8793711726907287,0.7362868506013657,0.34994096744760783
RnB_005,RnBArtist_1,R&B,0.37336831268087134,7.33056483439523,0.6214161338573946,71.27771301627841,0.9136652269929819,0.8237108385752108,-0.8676640929769613
RnB_006,RnBArtist_1,R&B,0.375473335884792,8.898376396682817,0.4380999359558133,76.25671090283424,1.7822568147150784,0.6565528990880414,-0.7297733387919586
RnB_007,RnBArtist_1,R&B,0.41694052404437515,9.238440980815664,0.21291225959108095,78.51589269705019,1.732018277442976,0.8040288991405726,-0.4163563432993297
RnB_008,RnBArtist_1,R&B,0.4719091838397561,8.231840821153778,0.3301366407763605,71.88348236467361,1.8484101085828624,0.7999709509710251,-1.408155304218294
RnB_009,RnBArtist_1,R&B,0.3273158790426823,7.2186364941049685,0.5900615183947152,82.26368023549155,1.9477753907312643,0.3155891384049947,-0.5649739184434093
RnB_010,RnBArtist_1,R&B,0.4380939151304095,7.387176238971311,0.44767379654695705,77.85118577869457,2.2505470849699227,0.4947908082993717,-0.0994769537164294
RnB_011,RnBArtist_1,R&B,0.24483838535003813,9.31345038343709,0.26918486337451525,61.01620261886126,2.2556012997624904,1.086829272581479,-0.6687242573138459
RnB_012,RnBArtist_1,R&B,0.42764372736014694,10.434733909586374,0.6629828907168095,81.83978717622836,2.3710637455359462,0.43771681945079643,-1.400982905948584
RnB_013,RnBArtist_1,R&B,0.36769687559350256,7.48810408562057,0.8341885434995628,70.94468512540598,2.061602403392243,0.6757426880202337,-0.5781987768137731
RnB_014,RnBArtist_1,R&B,0.46475255202153765,7.752820765918658,0.4389214910474486,67.54517648581171,1.3399887443896472,0.09411545454735731,-0.618518398524206
RnB_015,RnBArtist_1,R&B,0.35853488877413703,7.669094824151373,0.11873650726563323,71.50136656422784,1.2476398129844988,0.7800279818448013,-0.5587801235327483
RnB_001,RnBArtist_2,R&B,0.30712242502675347,8.128949107540164,0.24956871888188337,73.91504706251509,2.670225223011572,-0.5375862348228723,-0.5424869604262914
RnB_002,RnBArtist_2,R&B,0.37199336022166796,9.30560809174056,0.44263932564753783,67.48818400956708,1.840473032166691,0.0019870715982555076,-0.06199643070070082
RnB_003,RnBArtist_2,R&B,0.3810655824335971,10.781428822903608,0.38786783723707585,67.74955939853723,1.2431428036935865,-0.5015698381279725,-1.3920679715027449
RnB_004,RnBArtist_2,R&B,0.3933563325505742,9.110470027875921,0.0837618595935733,77.37022988445669,1.7584694741582803,0.4733965059927747,0.2061103141277122
RnB_005,RnBArtist_2,R&B,0.4248419657932766,8.177763222513,0.22176155491694252,59.08910759202417,1.64042334037879,0.2944348805861528,-1.093589763575592
RnB_006,RnBArtist_2,R&B,0.37343715164538477,8.592222259550521,0.3550288036383843,68.09998451505925,2.084327335983364,0.6209703247847045,-1.1451995387214229
RnB_007,RnBArtist_2,R&B,0.4505466189873135,8.381694241258886,0.40376992458896954,76.24928653953934,2.116608065631751,0.8765683169566225,-0.4564379173990879
RnB_008,RnBArtist_2,R&B,0.3493781312679781,8.933804230247322,0.17125475853586766,72.65135823465914,1.9833850046777697,0.29594157136373017,-0.6642687557194653
RnB_009,RnBArtist_2,R&B,0.28590754772511806,7.841530110710846,0.418568980228223,72.95913835198441,1.4861624295370208,1.0328539204323504,-1.0330874241072503
RnB_010,RnBArtist_2,R&B,0.42847286002633683,9.012633234246021,0.2707545380312394,82.65186535565707,1.4031815841217599,0.8595770868050008,-0.09970884097851085
RnB_011,RnBArtist_2,R&B,0.3464689895461678,10.170958360077194,0.34999069708020947,73.73216177567915,2.1301609193856104,0.3328456292647261,-0.19459586342010893
RnB_012,RnBArtist_2,R&B,0.4196744360276107,6.401761632114184,0.6608680485756305,62.02504807178595,2.5162731021708287,0.9633525684137917,-1.145483215107599
RnB_013,RnBArtist_2,R&B,0.35945928560227075,7.1731543978168775,0.35701579394225297,70.15179429488555,2.3898302661346698,1.0551543730598043,0.09784190539497806
RnB_014,RnBArtist_2,R&B,0.3518915986710849,8.248933751506566,0.06331236155580994,67.16477960102287,2.4824258165487287,1.207791411774116,-1.217174435939961
RnB_015,RnBArtist_2,R&B,0.3503767870423553,8.468313091649287,0.4560322317639214,67.14237888047012,2.2120305222320447,0.16308032646454196,-0.6072261354391395
RnB_001,RnBArtist_3,R&B,0.407314212400185,8.507706723773126,0.3127228218946863,71.34234117644502,1.9558185203973324,0.21499448505893617,-0.7293980313335512
RnB_002,RnBArtist_3,R&B,0.45993235852523584,9.173103337529486,0.34090393639416794,76.18172642706442,1.833090255121995,0.9865623187933207,-0.415178903900953
RnB_003,RnBArtist_3,R&B,0.37463489279978857,9.037260310972332,0.08582476958630014,65.23939518654117,1.4030374968004722,0.4714715473818534,0.266257499742546
RnB_004,RnBArtist_3,R&B,0.4915650073096316,9.265661321728908,0.5001688949888914,61.19365359508357,1.728663100132989,0.00610812404588057,-0.9104237991255579
RnB_005,RnBArtist_3,R&B,0.37159280907076053,7.933491306763447,0.004140037924842466,76.4874615367052,1.4636284871300966,0.5196234320555748,0.43704133487498675
RnB_006,RnBArtist_3,R&B,0.33403077042067886,5.463654972704404,0.34279915562397784,78.60575780999143,2.9791737271102967,-0.2147747972262084,-0.3516503883817391
RnB_007,RnBArtist_3,R&B,0.3567344771609973,8.372861974835038,0.928868669403407,62.98217802962908,2.1268698307472866,0.6338465858827166,-0.057106837530326415
RnB_008,RnBArtist_3,R&B,0.38489915767354477,8.869660647404922,0.3216702865156418,73.61476164747064,1.8284038622512948,0.7107859449280254,-0.784805168021817
RnB_009,RnBArtist_3,R&B,0.39885501969510934,8.464884623578026,0.6252100501544336,71.69163765846908,1.1134837658965593,1.030960750356996,-1.0528661504313095
RnB_010,RnBArtist_3,R&B,0.347311683067559,7.785206447147809,0.6748876186341635,59.185954716127824,3.568874266829997,0.9280284045330259,-0.48838054293542016
RnB_011,RnBArtist_3,R&B,0.37725529996918566,8.842664889829189,0.5042244856758678,75.87129351570034,2.277802233001724,0.44479034062762446,-0.698669210153663
RnB_012,RnBArtist_3,R&B,0.37243633581732444,8.266110063576782,0.6267540193734129,75.56134033368517,0.5298056826678599,0.7279503882648806,-0.5026319026406125
RnB_013,RnBArtist_3,R&B,0.3790645621777051,8.033777856293337,0.6248225439972027,77.68515877273714,1.6135611660881954,0.6035261435622676,-1.085828367270643
RnB_014,RnBArtist_3,R&B,0.3110190917605535,7.747939330492041,0.5724786944765518,77.71875027225651,2.2565427100486466,0.7625478934239986,-0.3419108564425208
RnB_015,RnBArtist_3,R&B,0.3479259202388524,9.018307053608728,0.5600819050455365,76.52574797888144,2.5944566857373212,0.7541519236005318,-0.4242758962292085
RnB_001,RnBArtist_4,R&B,0.4335075119158214,8.468174488901129,0.22362506975445645,71.02159821633742,1.6275486775967756,0.06241086251280925,-0.6722593353577588
RnB_002,RnBArtist_4,R&B,0.3403790039500019,8.130446164433152,0.02127706660924289,73.27976224423763,2.000602737681112,-0.008544315534095293,-0.27037716578379745
RnB_003,RnBArtist_4,R&B,0.42687850688132795,6.570928162757231,0.24745504428675716,67.38514590127622,1.5300484494455677,0.8147374209658742,-0.6969130693864017
RnB_004,RnBArtist_4,R&B,0.3667742579344695,6.0953651627118965,0.5270836060418453,64.56444963087917,2.029966315133164,0.5386884689790958,0.08032929791932553
RnB_005,RnBArtist_4,R&B,0.31455898004404437,4.876585413015009,0.43676990895073897,82.80306708906512,2.6194731764697186,0.5048297076373129,-0.8458180928160237
RnB_006,RnBArtist_4,R&B,0.42035612983186554,7.331744560354638,0.4952715538712439,75.03282095499976,2.53010495374944,1.779830019455539,-0.40379201641061646
RnB_007,RnBArtist_4,R&B,0.35455181871462504,8.469310825369607,0.04618481902217636,67.83172121346566,1.795358780943448,0.13795580103270377,-0.523822563983139
RnB_008,RnBArtist_4,R&B,0.33887900338088994,9.845236800789365,0.40004141298363943,71.94419807316831,1.836052641743541,0.4775953419294896,-0.18745086766618263
RnB_009,RnBArtist_4,R&B,0.33664348921445497,7.710260213109692,0.3392547942446671,63.92477445916071,1.590371070139251,0.1618895632276705,-0.1628054096436362
RnB_010,RnBArtist_4,R&B,0.39312806645009624,8.732307893641053,0.5701795924335945,71.17576926960362,2.195232424964445,0.3483891235337519,-0.46731882530018576
RnB_011,RnBArtist_4,R&B,0.3508620671194209,5.573419410068285,0.3731441675627392,80.53648881659964,2.463107701120796,0.8826987422955854,0.01806536090310895
RnB_012,RnBArtist_4,R&B,0.38443287954807187,8.736778848886715,0.27646962091313,70.1035628638377,2.307885574885571,1.001942218584408,-0.6697231378404997
RnB_013,RnBArtist_4,R&B,0.3574905367574294,8.500633550627917,0.520241349785823,63.336871103198746,0.8519095234313809,0.12473157525420825,-1.2103562129570793
RnB_014,RnBArtist_4,R&B,0.35459299011763445,8.322663617419034,0.3093503181953973,80.71480520682448,2.16337238230116,0.5502371798054142,-0.288896427978299
RnB_015,RnBArtist_4,R&B,0.32305834411096157,9.746934144904323,0.38484714269290804,76.02288370344728,1.4640713834799222,-0.37687938300803214,-0.19105517098748565
